<?xml version="1.0" encoding="UTF-8" ?>
<!-- This is a WordPress eXtended RSS file generated by WordPress as an export of your site. -->
<!-- It contains information about your site's posts, pages, comments, categories, and other content. -->
<!-- You may use this file to transfer that content from one site to another. -->
<!-- This file is not intended to serve as a complete backup of your site. -->

<!-- To import this information into a WordPress site follow these steps: -->
<!-- 1. Log in to that site as an administrator. -->
<!-- 2. Go to Tools: Import in the WordPress admin panel. -->
<!-- 3. Install the "WordPress" importer from the list. -->
<!-- 4. Activate & Run Importer. -->
<!-- 5. Upload this file using the form provided on that page. -->
<!-- 6. You will first be asked to map the authors in this export file to users -->
<!--    on the site. For each author, you may choose to map to an -->
<!--    existing user on the site or to create a new user. -->
<!-- 7. WordPress will then import each of the posts, pages, comments, categories, etc. -->
<!--    contained in this file into your site. -->

	<!-- generator="WordPress/5.4.1" created="2020-05-24 04:44" -->
<rss version="2.0"
	xmlns:excerpt="http://wordpress.org/export/1.2/excerpt/"
	xmlns:content="http://purl.org/rss/1.0/modules/content/"
	xmlns:wfw="http://wellformedweb.org/CommentAPI/"
	xmlns:dc="http://purl.org/dc/elements/1.1/"
	xmlns:wp="http://wordpress.org/export/1.2/"
>

<channel>
	<title>Jazz Townsville</title>
	<link>http://jazztownsville.test</link>
	<description></description>
	<pubDate>Sun, 24 May 2020 04:44:06 +0000</pubDate>
	<language>en-US</language>
	<wp:wxr_version>1.2</wp:wxr_version>
	<wp:base_site_url>http://jazztownsville.test/</wp:base_site_url>
	<wp:base_blog_url>http://jazztownsville.test</wp:base_blog_url>

		<wp:author><wp:author_id>1</wp:author_id><wp:author_login><![CDATA[admin]]></wp:author_login><wp:author_email><![CDATA[admin@local.test]]></wp:author_email><wp:author_display_name><![CDATA[admin]]></wp:author_display_name><wp:author_first_name><![CDATA[]]></wp:author_first_name><wp:author_last_name><![CDATA[]]></wp:author_last_name></wp:author>

				
	<generator>https://wordpress.org/?v=5.4.1</generator>

		<item>
		<title>Sample Page</title>
		<link>http://jazztownsville.test/sample-page__trashed/</link>
		<pubDate>Sat, 25 Apr 2020 07:18:21 +0000</pubDate>
		<dc:creator><![CDATA[admin]]></dc:creator>
		<guid isPermaLink="false">http://jazztownsville.test/?page_id=2</guid>
		<description></description>
		<content:encoded><![CDATA[<!-- wp:paragraph -->
<p>This is an example page. It's different from a blog post because it will stay in one place and will show up in your site navigation (in most themes). Most people start with an About page that introduces them to potential site visitors. It might say something like this:</p>
<!-- /wp:paragraph -->

<!-- wp:quote -->
<blockquote class="wp-block-quote"><p>Hi there! I'm a bike messenger by day, aspiring actor by night, and this is my website. I live in Los Angeles, have a great dog named Jack, and I like pi&#241;a coladas. (And gettin' caught in the rain.)</p></blockquote>
<!-- /wp:quote -->

<!-- wp:paragraph -->
<p>...or something like this:</p>
<!-- /wp:paragraph -->

<!-- wp:quote -->
<blockquote class="wp-block-quote"><p>The XYZ Doohickey Company was founded in 1971, and has been providing quality doohickeys to the public ever since. Located in Gotham City, XYZ employs over 2,000 people and does all kinds of awesome things for the Gotham community.</p></blockquote>
<!-- /wp:quote -->

<!-- wp:paragraph -->
<p>As a new WordPress user, you should go to <a href="http://jazztownsville.test/wp-admin/">your dashboard</a> to delete this page and create new pages for your content. Have fun!</p>
<!-- /wp:paragraph -->]]></content:encoded>
		<excerpt:encoded><![CDATA[]]></excerpt:encoded>
		<wp:post_id>2</wp:post_id>
		<wp:post_date><![CDATA[2020-04-25 07:18:21]]></wp:post_date>
		<wp:post_date_gmt><![CDATA[2020-04-25 07:18:21]]></wp:post_date_gmt>
		<wp:comment_status><![CDATA[closed]]></wp:comment_status>
		<wp:ping_status><![CDATA[open]]></wp:ping_status>
		<wp:post_name><![CDATA[sample-page__trashed]]></wp:post_name>
		<wp:status><![CDATA[trash]]></wp:status>
		<wp:post_parent>0</wp:post_parent>
		<wp:menu_order>0</wp:menu_order>
		<wp:post_type><![CDATA[page]]></wp:post_type>
		<wp:post_password><![CDATA[]]></wp:post_password>
		<wp:is_sticky>0</wp:is_sticky>
														<wp:postmeta>
		<wp:meta_key><![CDATA[_wp_page_template]]></wp:meta_key>
		<wp:meta_value><![CDATA[default]]></wp:meta_value>
		</wp:postmeta>
							<wp:postmeta>
		<wp:meta_key><![CDATA[_wp_trash_meta_status]]></wp:meta_key>
		<wp:meta_value><![CDATA[publish]]></wp:meta_value>
		</wp:postmeta>
							<wp:postmeta>
		<wp:meta_key><![CDATA[_wp_trash_meta_time]]></wp:meta_key>
		<wp:meta_value><![CDATA[1590289910]]></wp:meta_value>
		</wp:postmeta>
							<wp:postmeta>
		<wp:meta_key><![CDATA[_wp_desired_post_slug]]></wp:meta_key>
		<wp:meta_value><![CDATA[sample-page]]></wp:meta_value>
		</wp:postmeta>
							</item>
					<item>
		<title>Privacy Policy</title>
		<link>http://jazztownsville.test/privacy-policy__trashed/</link>
		<pubDate>Sat, 25 Apr 2020 07:18:21 +0000</pubDate>
		<dc:creator><![CDATA[admin]]></dc:creator>
		<guid isPermaLink="false">http://jazztownsville.test/?page_id=3</guid>
		<description></description>
		<content:encoded><![CDATA[<!-- wp:heading --><h2>Who we are</h2><!-- /wp:heading --><!-- wp:paragraph --><p>Our website address is: http://jazztownsville.test.</p><!-- /wp:paragraph --><!-- wp:heading --><h2>What personal data we collect and why we collect it</h2><!-- /wp:heading --><!-- wp:heading {"level":3} --><h3>Comments</h3><!-- /wp:heading --><!-- wp:paragraph --><p>When visitors leave comments on the site we collect the data shown in the comments form, and also the visitor&#8217;s IP address and browser user agent string to help spam detection.</p><!-- /wp:paragraph --><!-- wp:paragraph --><p>An anonymized string created from your email address (also called a hash) may be provided to the Gravatar service to see if you are using it. The Gravatar service privacy policy is available here: https://automattic.com/privacy/. After approval of your comment, your profile picture is visible to the public in the context of your comment.</p><!-- /wp:paragraph --><!-- wp:heading {"level":3} --><h3>Media</h3><!-- /wp:heading --><!-- wp:paragraph --><p>If you upload images to the website, you should avoid uploading images with embedded location data (EXIF GPS) included. Visitors to the website can download and extract any location data from images on the website.</p><!-- /wp:paragraph --><!-- wp:heading {"level":3} --><h3>Contact forms</h3><!-- /wp:heading --><!-- wp:heading {"level":3} --><h3>Cookies</h3><!-- /wp:heading --><!-- wp:paragraph --><p>If you leave a comment on our site you may opt-in to saving your name, email address and website in cookies. These are for your convenience so that you do not have to fill in your details again when you leave another comment. These cookies will last for one year.</p><!-- /wp:paragraph --><!-- wp:paragraph --><p>If you visit our login page, we will set a temporary cookie to determine if your browser accepts cookies. This cookie contains no personal data and is discarded when you close your browser.</p><!-- /wp:paragraph --><!-- wp:paragraph --><p>When you log in, we will also set up several cookies to save your login information and your screen display choices. Login cookies last for two days, and screen options cookies last for a year. If you select &quot;Remember Me&quot;, your login will persist for two weeks. If you log out of your account, the login cookies will be removed.</p><!-- /wp:paragraph --><!-- wp:paragraph --><p>If you edit or publish an article, an additional cookie will be saved in your browser. This cookie includes no personal data and simply indicates the post ID of the article you just edited. It expires after 1 day.</p><!-- /wp:paragraph --><!-- wp:heading {"level":3} --><h3>Embedded content from other websites</h3><!-- /wp:heading --><!-- wp:paragraph --><p>Articles on this site may include embedded content (e.g. videos, images, articles, etc.). Embedded content from other websites behaves in the exact same way as if the visitor has visited the other website.</p><!-- /wp:paragraph --><!-- wp:paragraph --><p>These websites may collect data about you, use cookies, embed additional third-party tracking, and monitor your interaction with that embedded content, including tracking your interaction with the embedded content if you have an account and are logged in to that website.</p><!-- /wp:paragraph --><!-- wp:heading {"level":3} --><h3>Analytics</h3><!-- /wp:heading --><!-- wp:heading --><h2>Who we share your data with</h2><!-- /wp:heading --><!-- wp:heading --><h2>How long we retain your data</h2><!-- /wp:heading --><!-- wp:paragraph --><p>If you leave a comment, the comment and its metadata are retained indefinitely. This is so we can recognize and approve any follow-up comments automatically instead of holding them in a moderation queue.</p><!-- /wp:paragraph --><!-- wp:paragraph --><p>For users that register on our website (if any), we also store the personal information they provide in their user profile. All users can see, edit, or delete their personal information at any time (except they cannot change their username). Website administrators can also see and edit that information.</p><!-- /wp:paragraph --><!-- wp:heading --><h2>What rights you have over your data</h2><!-- /wp:heading --><!-- wp:paragraph --><p>If you have an account on this site, or have left comments, you can request to receive an exported file of the personal data we hold about you, including any data you have provided to us. You can also request that we erase any personal data we hold about you. This does not include any data we are obliged to keep for administrative, legal, or security purposes.</p><!-- /wp:paragraph --><!-- wp:heading --><h2>Where we send your data</h2><!-- /wp:heading --><!-- wp:paragraph --><p>Visitor comments may be checked through an automated spam detection service.</p><!-- /wp:paragraph --><!-- wp:heading --><h2>Your contact information</h2><!-- /wp:heading --><!-- wp:heading --><h2>Additional information</h2><!-- /wp:heading --><!-- wp:heading {"level":3} --><h3>How we protect your data</h3><!-- /wp:heading --><!-- wp:heading {"level":3} --><h3>What data breach procedures we have in place</h3><!-- /wp:heading --><!-- wp:heading {"level":3} --><h3>What third parties we receive data from</h3><!-- /wp:heading --><!-- wp:heading {"level":3} --><h3>What automated decision making and/or profiling we do with user data</h3><!-- /wp:heading --><!-- wp:heading {"level":3} --><h3>Industry regulatory disclosure requirements</h3><!-- /wp:heading -->]]></content:encoded>
		<excerpt:encoded><![CDATA[]]></excerpt:encoded>
		<wp:post_id>3</wp:post_id>
		<wp:post_date><![CDATA[2020-04-25 07:18:21]]></wp:post_date>
		<wp:post_date_gmt><![CDATA[2020-04-25 07:18:21]]></wp:post_date_gmt>
		<wp:comment_status><![CDATA[closed]]></wp:comment_status>
		<wp:ping_status><![CDATA[open]]></wp:ping_status>
		<wp:post_name><![CDATA[privacy-policy__trashed]]></wp:post_name>
		<wp:status><![CDATA[trash]]></wp:status>
		<wp:post_parent>0</wp:post_parent>
		<wp:menu_order>0</wp:menu_order>
		<wp:post_type><![CDATA[page]]></wp:post_type>
		<wp:post_password><![CDATA[]]></wp:post_password>
		<wp:is_sticky>0</wp:is_sticky>
														<wp:postmeta>
		<wp:meta_key><![CDATA[_wp_page_template]]></wp:meta_key>
		<wp:meta_value><![CDATA[default]]></wp:meta_value>
		</wp:postmeta>
							<wp:postmeta>
		<wp:meta_key><![CDATA[_wp_trash_meta_status]]></wp:meta_key>
		<wp:meta_value><![CDATA[draft]]></wp:meta_value>
		</wp:postmeta>
							<wp:postmeta>
		<wp:meta_key><![CDATA[_wp_trash_meta_time]]></wp:meta_key>
		<wp:meta_value><![CDATA[1589685928]]></wp:meta_value>
		</wp:postmeta>
							<wp:postmeta>
		<wp:meta_key><![CDATA[_wp_desired_post_slug]]></wp:meta_key>
		<wp:meta_value><![CDATA[privacy-policy]]></wp:meta_value>
		</wp:postmeta>
							</item>
					<item>
		<title>About</title>
		<link>http://jazztownsville.test/about__trashed/</link>
		<pubDate>Fri, 08 May 2020 03:38:40 +0000</pubDate>
		<dc:creator><![CDATA[admin]]></dc:creator>
		<guid isPermaLink="false">http://jazztownsville.test/?page_id=15</guid>
		<description></description>
		<content:encoded><![CDATA[]]></content:encoded>
		<excerpt:encoded><![CDATA[]]></excerpt:encoded>
		<wp:post_id>15</wp:post_id>
		<wp:post_date><![CDATA[2020-05-08 03:38:40]]></wp:post_date>
		<wp:post_date_gmt><![CDATA[2020-05-08 03:38:40]]></wp:post_date_gmt>
		<wp:comment_status><![CDATA[closed]]></wp:comment_status>
		<wp:ping_status><![CDATA[closed]]></wp:ping_status>
		<wp:post_name><![CDATA[about__trashed]]></wp:post_name>
		<wp:status><![CDATA[trash]]></wp:status>
		<wp:post_parent>0</wp:post_parent>
		<wp:menu_order>0</wp:menu_order>
		<wp:post_type><![CDATA[page]]></wp:post_type>
		<wp:post_password><![CDATA[]]></wp:post_password>
		<wp:is_sticky>0</wp:is_sticky>
														<wp:postmeta>
		<wp:meta_key><![CDATA[_wp_trash_meta_status]]></wp:meta_key>
		<wp:meta_value><![CDATA[publish]]></wp:meta_value>
		</wp:postmeta>
							<wp:postmeta>
		<wp:meta_key><![CDATA[_wp_trash_meta_time]]></wp:meta_key>
		<wp:meta_value><![CDATA[1588909168]]></wp:meta_value>
		</wp:postmeta>
							<wp:postmeta>
		<wp:meta_key><![CDATA[_wp_desired_post_slug]]></wp:meta_key>
		<wp:meta_value><![CDATA[about]]></wp:meta_value>
		</wp:postmeta>
							</item>
					<item>
		<title>Location</title>
		<link>http://jazztownsville.test/location/</link>
		<pubDate>Sat, 16 May 2020 03:40:12 +0000</pubDate>
		<dc:creator><![CDATA[admin]]></dc:creator>
		<guid isPermaLink="false">http://jazztownsville.test/?page_id=22</guid>
		<description></description>
		<content:encoded><![CDATA[<!-- wp:columns -->
<div class="wp-block-columns"><!-- wp:column -->
<div class="wp-block-column"></div>
<!-- /wp:column -->

<!-- wp:column -->
<div class="wp-block-column"><!-- wp:heading {"align":"center"} -->
<h2 class="has-text-align-center">Location</h2>
<!-- /wp:heading --></div>
<!-- /wp:column -->

<!-- wp:column -->
<div class="wp-block-column"></div>
<!-- /wp:column --></div>
<!-- /wp:columns -->

<!-- wp:spacer -->
<div style="height:100px" aria-hidden="true" class="wp-block-spacer"></div>
<!-- /wp:spacer -->

<!-- wp:columns -->
<div class="wp-block-columns"><!-- wp:column -->
<div class="wp-block-column"></div>
<!-- /wp:column -->

<!-- wp:column -->
<div class="wp-block-column"><!-- wp:heading {"level":3} -->
<h3>Fish Inn at the Rock Pool</h3>
<!-- /wp:heading -->

<!-- wp:image {"id":175,"sizeSlug":"large"} -->
<figure class="wp-block-image size-large"><img src="http://3.16.143.199/wp-content/uploads/2020/05/location1-1024x681.png" alt="" class="wp-image-175"/></figure>
<!-- /wp:image --></div>
<!-- /wp:column -->

<!-- wp:column -->
<div class="wp-block-column"></div>
<!-- /wp:column --></div>
<!-- /wp:columns -->

<!-- wp:spacer -->
<div style="height:100px" aria-hidden="true" class="wp-block-spacer"></div>
<!-- /wp:spacer -->

<!-- wp:columns -->
<div class="wp-block-columns"><!-- wp:column -->
<div class="wp-block-column"></div>
<!-- /wp:column -->

<!-- wp:column -->
<div class="wp-block-column"><!-- wp:heading {"level":3} -->
<h3>Chico Rio</h3>
<!-- /wp:heading -->

<!-- wp:paragraph -->
<p>247 Flinders Street. &nbsp;&nbsp;Ph: 4772 1073</p>
<!-- /wp:paragraph -->

<!-- wp:image {"id":24,"sizeSlug":"large"} -->
<figure class="wp-block-image size-large"><img src="http://jazztownsville.test/wp-content/uploads/2020/05/location2-1024x638.png" alt="" class="wp-image-24"/></figure>
<!-- /wp:image --></div>
<!-- /wp:column -->

<!-- wp:column -->
<div class="wp-block-column"></div>
<!-- /wp:column --></div>
<!-- /wp:columns -->]]></content:encoded>
		<excerpt:encoded><![CDATA[]]></excerpt:encoded>
		<wp:post_id>22</wp:post_id>
		<wp:post_date><![CDATA[2020-05-16 03:40:12]]></wp:post_date>
		<wp:post_date_gmt><![CDATA[2020-05-16 03:40:12]]></wp:post_date_gmt>
		<wp:comment_status><![CDATA[closed]]></wp:comment_status>
		<wp:ping_status><![CDATA[closed]]></wp:ping_status>
		<wp:post_name><![CDATA[location]]></wp:post_name>
		<wp:status><![CDATA[publish]]></wp:status>
		<wp:post_parent>0</wp:post_parent>
		<wp:menu_order>0</wp:menu_order>
		<wp:post_type><![CDATA[page]]></wp:post_type>
		<wp:post_password><![CDATA[]]></wp:post_password>
		<wp:is_sticky>0</wp:is_sticky>
														</item>
					<item>
		<title>Member Information</title>
		<link>http://jazztownsville.test/member-information/</link>
		<pubDate>Sat, 16 May 2020 04:31:39 +0000</pubDate>
		<dc:creator><![CDATA[admin]]></dc:creator>
		<guid isPermaLink="false">http://jazztownsville.test/?page_id=33</guid>
		<description></description>
		<content:encoded><![CDATA[<!-- wp:columns -->
<div class="wp-block-columns"><!-- wp:column -->
<div class="wp-block-column"></div>
<!-- /wp:column -->

<!-- wp:column -->
<div class="wp-block-column"><!-- wp:heading {"align":"center"} -->
<h2 class="has-text-align-center">Member Information</h2>
<!-- /wp:heading --></div>
<!-- /wp:column -->

<!-- wp:column -->
<div class="wp-block-column"></div>
<!-- /wp:column --></div>
<!-- /wp:columns -->

<!-- wp:spacer -->
<div style="height:100px" aria-hidden="true" class="wp-block-spacer"></div>
<!-- /wp:spacer -->

<!-- wp:columns -->
<div class="wp-block-columns"><!-- wp:column -->
<div class="wp-block-column"></div>
<!-- /wp:column -->

<!-- wp:column -->
<div class="wp-block-column"><!-- wp:paragraph -->
<p>The current Townsville Jazz Club committee members are:</p>
<!-- /wp:paragraph -->

<!-- wp:columns -->
<div class="wp-block-columns"><!-- wp:column -->
<div class="wp-block-column"><!-- wp:paragraph -->
<p><strong>President</strong></p>
<!-- /wp:paragraph -->

<!-- wp:paragraph -->
<p><strong>Vice President</strong>&nbsp;&nbsp;</p>
<!-- /wp:paragraph -->

<!-- wp:paragraph -->
<p><strong>Secretary</strong></p>
<!-- /wp:paragraph -->

<!-- wp:paragraph -->
<p><strong>Treasurer</strong></p>
<!-- /wp:paragraph -->

<!-- wp:paragraph -->
<p><strong>Committee Members</strong></p>
<!-- /wp:paragraph --></div>
<!-- /wp:column -->

<!-- wp:column -->
<div class="wp-block-column"><!-- wp:paragraph -->
<p>Bob Passmore</p>
<!-- /wp:paragraph -->

<!-- wp:paragraph -->
<p>Jeremy Hawker</p>
<!-- /wp:paragraph -->

<!-- wp:paragraph -->
<p>Coralie Costigan</p>
<!-- /wp:paragraph -->

<!-- wp:paragraph -->
<p>Phil McIntyre</p>
<!-- /wp:paragraph -->

<!-- wp:paragraph -->
<p>Rob Bray</p>
<!-- /wp:paragraph -->

<!-- wp:paragraph -->
<p>Steve Gilbert</p>
<!-- /wp:paragraph -->

<!-- wp:paragraph -->
<p>Andrew Dajski</p>
<!-- /wp:paragraph -->

<!-- wp:paragraph -->
<p>Bob Spillane</p>
<!-- /wp:paragraph -->

<!-- wp:paragraph -->
<p>Julie McIntyre</p>
<!-- /wp:paragraph -->

<!-- wp:paragraph -->
<p>Reg Braun</p>
<!-- /wp:paragraph --></div>
<!-- /wp:column -->

<!-- wp:column -->
<div class="wp-block-column"><!-- wp:paragraph -->
<p>Phone: 0438 093 503</p>
<!-- /wp:paragraph -->

<!-- wp:paragraph -->
<p>Phone: 0408 959 979</p>
<!-- /wp:paragraph -->

<!-- wp:paragraph -->
<p>Phone: 0431 618 618</p>
<!-- /wp:paragraph -->

<!-- wp:paragraph -->
<p>Phone: 0412 408 061</p>
<!-- /wp:paragraph --></div>
<!-- /wp:column --></div>
<!-- /wp:columns --></div>
<!-- /wp:column -->

<!-- wp:column -->
<div class="wp-block-column"></div>
<!-- /wp:column --></div>
<!-- /wp:columns -->

<!-- wp:spacer -->
<div style="height:100px" aria-hidden="true" class="wp-block-spacer"></div>
<!-- /wp:spacer -->

<!-- wp:columns -->
<div class="wp-block-columns"><!-- wp:column -->
<div class="wp-block-column"></div>
<!-- /wp:column -->

<!-- wp:column -->
<div class="wp-block-column"><!-- wp:paragraph -->
<p>In 2020, the Club presents a wide variety of jazz styles at two different venues.</p>
<!-- /wp:paragraph -->

<!-- wp:paragraph -->
<p>Chico Rio (upstairs) 247 Flinders Street Friday 7 to10 pm and The Fish Inn on The Strand &nbsp;Sunday 5 to 8 pm.</p>
<!-- /wp:paragraph -->

<!-- wp:paragraph -->
<p>Both venues are air conditioned and have meals available. &nbsp;<br>Cover charge for regular sessions: members $10, non-members $15. Cover charge may be higher on special nights.</p>
<!-- /wp:paragraph -->

<!-- wp:paragraph -->
<p>Refer to Program page for current information regarding each venue.</p>
<!-- /wp:paragraph -->

<!-- wp:paragraph -->
<p>Membership runs from January to December each year.</p>
<!-- /wp:paragraph -->

<!-- wp:paragraph -->
<p>To become a member click on the application form button and download, fill in the details, save and print the form.&nbsp; Please hand the membership form to a committee member.</p>
<!-- /wp:paragraph -->

<!-- wp:paragraph -->
<p>Payment can be made by direct deposit or please pay to a committee member</p>
<!-- /wp:paragraph --></div>
<!-- /wp:column -->

<!-- wp:column -->
<div class="wp-block-column"></div>
<!-- /wp:column --></div>
<!-- /wp:columns -->

<!-- wp:spacer -->
<div style="height:100px" aria-hidden="true" class="wp-block-spacer"></div>
<!-- /wp:spacer -->

<!-- wp:columns -->
<div class="wp-block-columns"><!-- wp:column -->
<div class="wp-block-column"></div>
<!-- /wp:column -->

<!-- wp:column -->
<div class="wp-block-column"><!-- wp:paragraph -->
<p>Pay your subscription to: &nbsp;</p>
<!-- /wp:paragraph -->

<!-- wp:paragraph -->
<p>BSB 484799 &nbsp;Account No. 101868841 Include your surname please.</p>
<!-- /wp:paragraph -->

<!-- wp:columns -->
<div class="wp-block-columns"><!-- wp:column -->
<div class="wp-block-column"><!-- wp:paragraph -->
<p>Single Member: $30</p>
<!-- /wp:paragraph --></div>
<!-- /wp:column -->

<!-- wp:column -->
<div class="wp-block-column"><!-- wp:paragraph -->
<p>Double Membership: $40</p>
<!-- /wp:paragraph --></div>
<!-- /wp:column --></div>
<!-- /wp:columns -->

<!-- wp:columns -->
<div class="wp-block-columns"><!-- wp:column -->
<div class="wp-block-column"><!-- wp:paragraph -->
<p>Single Pensioner $25</p>
<!-- /wp:paragraph --></div>
<!-- /wp:column -->

<!-- wp:column -->
<div class="wp-block-column"><!-- wp:paragraph -->
<p>Double Pensioner $35</p>
<!-- /wp:paragraph --></div>
<!-- /wp:column --></div>
<!-- /wp:columns -->

<!-- wp:file {"id":39,"href":"http://jazztownsville.test/wp-content/uploads/2020/05/Membership-forms-2019-TJC.pdf"} -->
<div class="wp-block-file"><a href="http://jazztownsville.test/wp-content/uploads/2020/05/Membership-forms-2019-TJC.pdf">Membership Form</a><a href="http://jazztownsville.test/wp-content/uploads/2020/05/Membership-forms-2019-TJC.pdf" class="wp-block-file__button" download>Download</a></div>
<!-- /wp:file --></div>
<!-- /wp:column -->

<!-- wp:column -->
<div class="wp-block-column"></div>
<!-- /wp:column --></div>
<!-- /wp:columns -->]]></content:encoded>
		<excerpt:encoded><![CDATA[]]></excerpt:encoded>
		<wp:post_id>33</wp:post_id>
		<wp:post_date><![CDATA[2020-05-16 04:31:39]]></wp:post_date>
		<wp:post_date_gmt><![CDATA[2020-05-16 04:31:39]]></wp:post_date_gmt>
		<wp:comment_status><![CDATA[closed]]></wp:comment_status>
		<wp:ping_status><![CDATA[closed]]></wp:ping_status>
		<wp:post_name><![CDATA[member-information]]></wp:post_name>
		<wp:status><![CDATA[publish]]></wp:status>
		<wp:post_parent>0</wp:post_parent>
		<wp:menu_order>0</wp:menu_order>
		<wp:post_type><![CDATA[page]]></wp:post_type>
		<wp:post_password><![CDATA[]]></wp:post_password>
		<wp:is_sticky>0</wp:is_sticky>
														</item>
				</channel>
</rss>
	